MESSAGE_ID,TEXT
1000,Message 1000
1001,Message 1001
1002,Message 1002
1003,Message 1003
1004,Message 1004
1005,Message 1005
1006,Message 1006
1007,Message 1007
1008,Message 1008
1009,Message 1009
1010,Message 1010
1011,Message 1011
1012,Message 1012
1013,Message 1013
1014,Message 1014
1015,Message 1015
1016,Message 1016
1017,Message 1017
1018,Message 1018
1019,Message 1019
1020,Message 1020
1021,Message 1021
1022,Message 1022
1023,Message 1023
1024,Message 1024
1025,Message 1025
1026,Message 1026
1027,Message 1027
1028,Message 1028
1029,Message 1029
1030,Message 1030
1031,Message 1031
1032,Message 1032
1033,Message 1033
1034,Message 1034
1035,Message 1035
1036,Message 1036
1037,Message 1037
1038,Message 1038
1039,Message 1039
1040,Message 1040
1041,Message 1041
1042,Message 1042
1043,Message 1043
1044,Message 1044
1045,Message 1045
1046,Message 1046
1047,Message 1047
1048,Message 1048
1049,Message 1049
